<?xml version="1.0" encoding="utf-8" ?>
<odoo>
    <data>
        <record id="setup_protocol_email_installer" model="mail.template">
            <field name="name">E-Mail setup protocol for installer</field>
            <field name="model_id" ref="model_openems_setup_protocol" />
            <field name="email_from"><![CDATA[OpenEMS Association e.V.<noreply@openems.io>]]></field>
            <field name="partner_to">{{object.installer_id.id}}</field>
            <field name="subject"
            >Your OpenEMS setup protocol for {{object.openems_device_id.name}}</field>
            <field name="auto_delete">false</field>
            <field name="body_html"><![CDATA[
<!doctype html>
<html xmlns="http://www.w3.org/1999/xhtml" xmlns:v="urn:schemas-microsoft-com:vml" xmlns:o="urn:schemas-microsoft-com:office:office">

<head>
  <title> OpenEMS setup protocol </title>
  <!--[if !mso]><!-->
  <meta http-equiv="X-UA-Compatible" content="IE=edge">
  <!--<![endif]-->
  <meta http-equiv="Content-Type" content="text/html; charset=UTF-8">
  <meta name="viewport" content="width=device-width, initial-scale=1">
  <style type="text/css">
    #outlook a {
      padding: 0;
    }

    body {
      margin: 0;
      padding: 0;
      -webkit-text-size-adjust: 100%;
      -ms-text-size-adjust: 100%;
    }

    table,
    td {
      border-collapse: collapse;
      mso-table-lspace: 0pt;
      mso-table-rspace: 0pt;
    }

    img {
      border: 0;
      height: auto;
      line-height: 100%;
      outline: none;
      text-decoration: none;
      -ms-interpolation-mode: bicubic;
    }

    p {
      display: block;
      margin: 13px 0;
    }

  </style>
  <!--[if mso]>
    <noscript>
    <xml>
    <o:OfficeDocumentSettings>
      <o:AllowPNG/>
      <o:PixelsPerInch>96</o:PixelsPerInch>
    </o:OfficeDocumentSettings>
    </xml>
    </noscript>
    <![endif]-->
  <!--[if lte mso 11]>
    <style type="text/css">
      .mj-outlook-group-fix { width:100% !important; }
    </style>
    <![endif]-->
  <style type="text/css">
    @media only screen and (min-width:480px) {
      .mj-column-per-100 {
        width: 100% !important;
        max-width: 100%;
      }
    }

  </style>
  <style media="screen and (min-width:480px)">
    .moz-text-html .mj-column-per-100 {
      width: 100% !important;
      max-width: 100%;
    }

  </style>
  <style type="text/css">
    @media only screen and (max-width:480px) {
      table.mj-full-width-mobile {
        width: 100% !important;
      }

      td.mj-full-width-mobile {
        width: auto !important;
      }
    }

  </style>
  <style type="text/css">
  </style>
</head>

<body style="word-spacing:normal;">
  <div style>
    <table align="center" border="0" cellpadding="0" cellspacing="0" role="presentation" style="width:100%;">
      <tbody>
        <tr>
          <td>
            <!--[if mso | IE]><table align="center" border="0" cellpadding="0" cellspacing="0" class="" role="presentation" style="width:800px;" width="800" ><tr><td style="line-height:0px;font-size:0px;mso-line-height-rule:exactly;"><![endif]-->
            <div style="margin:0px auto;max-width:800px;">
              <table align="center" border="0" cellpadding="0" cellspacing="0" role="presentation" style="width:100%;">
                <tbody>
                  <tr>
                    <td style="direction:ltr;font-size:0px;padding:20px 0;text-align:center;">
                      <!--[if mso | IE]><table role="presentation" border="0" cellpadding="0" cellspacing="0"><tr><td class="" style="vertical-align:top;width:800px;" ><![endif]-->
                      <div class="mj-column-per-100 mj-outlook-group-fix" style="font-size:0px;text-align:left;direction:ltr;display:inline-block;vertical-align:top;width:100%;">
                        <table border="0" cellpadding="0" cellspacing="0" role="presentation" style="vertical-align:top;" width="100%">
                          <tbody>
                            <tr>
                              <td align="center" style="font-size:0px;padding:10px 25px;word-break:break-word;">
                                <p style="border-top:solid 4px #36aed1;font-size:1px;margin:0px auto;width:100%;">
                                </p>
                                <!--[if mso | IE]><table align="center" border="0" cellpadding="0" cellspacing="0" style="border-top:solid 4px #36aed1;font-size:1px;margin:0px auto;width:750px;" role="presentation" width="750px" ><tr><td style="height:0;line-height:0;"> &nbsp;
</td></tr></table><![endif]-->
                              </td>
                            </tr>
                            <tr>
                              <td align="left" style="font-size:0px;padding:10px 25px;word-break:break-word;">
                                <div style="font-family:'helvetica';font-size:16px;line-height:1;text-align:left;color:#222222;">Dear <t t-out="object.installer_id.firstname or ''"></t>
                                  <t t-out="object.installer_id.lastname or ''"></t>,
                                </div>
                              </td>
                            </tr>
                            <tr>
                              <td align="left" style="font-size:0px;padding:10px 25px;word-break:break-word;">
                                <div style="font-family:'helvetica';font-size:16px;line-height:1;text-align:left;color:#222222;">please find the setup protocol for your customer <t t-out="object.customer_id.name"> attached.</t>
                                </div>
                              </td>
                            </tr>
                            <tr>
                              <td align="left" style="font-size:0px;padding:10px 25px;word-break:break-word;">
                                <div style="font-family:'helvetica';font-size:16px;line-height:1;text-align:left;color:#222222;">Best Regards</div>
                              </td>
                            </tr>
                            <tr>
                              <td align="left" style="font-size:0px;padding:10px 25px;word-break:break-word;">
                                <div style="font-family:Lucida Handwriting;font-size:15px;line-height:1;text-align:left;color:#36aed1;">OpenEMS Association e.V.</div>
                              </td>
                            </tr>
                          </tbody>
                        </table>
                      </div>
                      <!--[if mso | IE]></td></tr></table><![endif]-->
                    </td>
                  </tr>
                </tbody>
              </table>
            </div>
            <!--[if mso | IE]></td></tr></table><![endif]-->
          </td>
        </tr>
      </tbody>
    </table>
  </div>
</body>

</html>
            ]]>
            </field>
        </record>
    </data>
</odoo>
